"eco_code","eco_name","Fine_biome","Code"
"AA0101","Admiralty Islands lowland rain forests","Tropical evergreen forest","TEF"
"AA0102","Banda Sea Islands moist deciduous forests","Tropical evergreen forest","TEF"
"AA0103","Biak-Numfoor rain forests","Tropical evergreen forest","TEF"
"AA0104","Buru rain forests","Tropical evergreen forest","TEF"
"AA0105","Central Range montane rain forests","Tropical evergreen forest","TEF"
"AA0106","Halmahera rain forests","Tropical evergreen forest","TEF"
"AA0107","Huon Peninsula montane rain forests","Tropical evergreen forest","TEF"
"AA0108","Yapen rain forests","Tropical evergreen forest","TEF"
"AA0109","Lord Howe Island subtropical forests","Tropical evergreen forest","TEF"
"AA0110","Louisiade Archipelago rain forests","Tropical evergreen forest","TEF"
"AA0111","New Britain-New Ireland lowland rain forests","Tropical evergreen forest","TEF"
"AA0112","New Britain-New Ireland montane rain forests","Tropical evergreen forest","TEF"
"AA0113","New Caledonia rain forests","Tropical evergreen forest","TEF"
"AA0114","Norfolk Island subtropical forests","Tropical evergreen forest","TEF"
"AA0115","Northern New Guinea lowland rain and freshwater swamp forests","Tropical evergreen forest","TEF"
"AA0116","Northern New Guinea montane rain forests","Tropical evergreen forest","TEF"
"AA0117","Queensland tropical rain forests","Tropical evergreen forest","TEF"
"AA0118","Seram rain forests","Tropical evergreen forest","TEF"
"AA0119","Solomon Islands rain forests","Tropical evergreen forest","TEF"
"AA0120","Southeastern Papuan rain forests","Tropical evergreen forest","TEF"
"AA0121","Southern New Guinea freshwater swamp forests","Tropical evergreen forest","TEF"
"AA0122","Southern New Guinea lowland rain forests","Tropical evergreen forest","TEF"
"AA0123","Sulawesi lowland rain forests","Tropical evergreen forest","TEF"
"AA0124","Sulawesi montane rain forests","Tropical evergreen forest","TEF"
"AA0125","Trobriand Islands rain forests","Tropical evergreen forest","TEF"
"AA0126","Vanuatu rain forests","Tropical evergreen forest","TEF"
"AA0127","Vogelkop montane rain forests","Tropical evergreen forest","TEF"
"AA0128","Vogelkop-Aru lowland rain forests","Tropical evergreen forest","TEF"
"AA0201","Lesser Sundas deciduous forests","Tropical deciduous forest","TDF"
"AA0202","New Caledonia dry forests","Tropical deciduous forest","TDF"
"AA0203","Sumba deciduous forests","Tropical deciduous forest","TDF"
"AA0204","Timor and Wetar deciduous forests","Tropical deciduous forest","TDF"
"AA0401","Chatham Island temperate forests","South-temperate forest","STF"
"AA0402","Eastern Australian temperate forests","South-temperate forest","STF"
"AA0403","Fiordland temperate forests","South-temperate forest","STF"
"AA0404","Nelson Coast temperate forests","South-temperate forest","STF"
"AA0405","North Island temperate forests","South-temperate forest","STF"
"AA0406","Northland temperate kauri forests","South-temperate forest","STF"
"AA0407","Rakiura Island temperate forests","South-temperate forest","STF"
"AA0408","Richmond temperate forests","South-temperate forest","STF"
"AA0409","Southeast Australia temperate forests","South-temperate forest","STF"
"AA0410","South Island temperate forests","South-temperate forest","STF"
"AA0411","Tasmanian Central Highland forests","South-temperate forest","STF"
"AA0412","Tasmanian temperate forests","South-temperate forest","STF"
"AA0413","Tasmanian temperate rain forests","South-temperate forest","STF"
"AA0414","Westland temperate forests","South-temperate forest","STF"
"AA0701","Arnhem Land tropical savanna","Savanna and scrubland","SAV"
"AA0702","Brigalow tropical savanna","Savanna and scrubland","SAV"
"AA0703","Cape York Peninsula tropical savanna","Savanna and scrubland","SAV"
"AA0704","Carpentaria tropical savanna","Savanna and scrubland","SAV"
"AA0705","Einasleigh upland savanna","Savanna and scrubland","SAV"
"AA0706","Kimberly tropical savanna","Savanna and scrubland","SAV"
"AA0707","Mitchell grass downs","Savanna and scrubland","SAV"
"AA0708","Trans Fly savanna and grasslands","Savanna and scrubland","SAV"
"AA0709","Victoria Plains tropical savanna","Savanna and scrubland","SAV"
"AA0801","Cantebury-Otago tussock grasslands","Temperate grassland","TEG"
"AA0802","Eastern Australia mulga shrublands","Savanna and scrubland","SAV"
"AA0803","Southeast Australia temperate savanna","Savanna and scrubland","SAV"
"AA1001","Australian Alps montane grasslands","Temperate grassland","TEG"
"AA1002","Central Range sub-alpine grasslands","Tropical montane grassland","TMG"
"AA1003","South Island montane grasslands","Tundra","TUN"
"AA1101","Antipodes Subantarctic Islands tundra","Tundra","TUN"
"AA1201","Coolgardie woodlands","Mediterranean","MED"
"AA1202","Esperance mallee","Mediterranean","MED"
"AA1203","Eyre and York mallee","Mediterranean","MED"
"AA1204","Jarrah-Karri forest and shrublands","Mediterranean","MED"
"AA1205","Swan Coastal Plain Scrub and Woodlands","Mediterranean","MED"
"AA1206","Mount Lofty woodlands","Mediterranean","MED"
"AA1207","Murray-Darling woodlands and mallee","Mediterranean","MED"
"AA1208","Naracoorte woodlands","Mediterranean","MED"
"AA1209","Southwest Australia savanna","Mediterranean","MED"
"AA1210","Southwest Australia woodlands","Mediterranean","MED"
"AA1301","Carnarvon xeric shrublands","Desert","DES"
"AA1302","Central Ranges xeric scrub","Desert","DES"
"AA1303","Gibson desert","Desert","DES"
"AA1304","Great Sandy-Tanami desert","Desert","DES"
"AA1305","Great Victoria desert","Desert","DES"
"AA1306","Nullarbor Plains xeric shrublands","Desert","DES"
"AA1307","Pilbara shrublands","Desert","DES"
"AA1308","Simpson desert","Desert","DES"
"AA1309","Tirari-Sturt stony desert","Desert","DES"
"AA1310","Western Australian Mulga shrublands","Desert","DES"
"AA1401","New Guinea mangroves","Mangrove","MAN"
"AN1101","Marielandia Antarctic tundra","Tundra","TUN"
"AN1102","Maudlandia Antarctic desert","Tundra","TUN"
"AN1103","Scotia Sea Islands tundra","Tundra","TUN"
"AN1104","Southern Indian Ocean Islands tundra","Tundra","TUN"
"AT0101","Albertine Rift montane forests","Tropical evergreen forest","TEF"
"AT0102","Atlantic Equatorial coastal forests","Tropical evergreen forest","TEF"
"AT0103","Cameroonian Highlands forests","Tropical evergreen forest","TEF"
"AT0104","Central Congolian lowland forests","Tropical evergreen forest","TEF"
"AT0105","Comoros forests","Tropical evergreen forest","TEF"
"AT0106","Cross-Niger transition forests","Tropical evergreen forest","TEF"
"AT0107","Cross-Sanaga-Bioko coastal forests","Tropical evergreen forest","TEF"
"AT0108","East African montane forests","Tropical evergreen forest","TEF"
"AT0109","Eastern Arc forests","Tropical evergreen forest","TEF"
"AT0110","Eastern Congolian swamp forests","Tropical evergreen forest","TEF"
"AT0111","Eastern Guinean forests","Tropical evergreen forest","TEF"
"AT0112","Ethiopian montane forests","Tropical evergreen forest","TEF"
"AT0113","Granitic Seychelles forests","Tropical evergreen forest","TEF"
"AT0114","Guinean montane forests","Tropical evergreen forest","TEF"
"AT0115","Knysna-Amatole montane forests","Tropical evergreen forest","TEF"
"AT0116","KwaZulu-Cape coastal forest mosaic","Tropical evergreen forest","TEF"
"AT0117","Madagascar lowland forests","Tropical evergreen forest","TEF"
"AT0118","Madagascar subhumid forests","Tropical evergreen forest","TEF"
"AT0119","Maputaland coastal forest mosaic","Tropical evergreen forest","TEF"
"AT0120","Mascarene forests","Tropical evergreen forest","TEF"
"AT0121","Mount Cameroon and Bioko montane forests","Tropical evergreen forest","TEF"
"AT0122","Niger Delta swamp forests","Tropical evergreen forest","TEF"
"AT0123","Nigerian lowland forests","Tropical evergreen forest","TEF"
"AT0124","Northeastern Congolian lowland forests","Tropical evergreen forest","TEF"
"AT0125","Northern Zanzibar-Inhambane coastal forest mosaic","Tropical evergreen forest","TEF"
"AT0126","Northwestern Congolian lowland forests","Tropical evergreen forest","TEF"
"AT0127","Sao Tome, Principe and Annobon moist lowland forests","Tropical evergreen forest","TEF"
"AT0128","Southern Zanzibar-Inhambane coastal forest mosaic","Tropical evergreen forest","TEF"
"AT0129","Western Congolian swamp forests","Tropical evergreen forest","TEF"
"AT0130","Western Guinean lowland forests","Tropical evergreen forest","TEF"
"AT0201","Cape Verde Islands dry forests","Tropical deciduous forest","TDF"
"AT0202","Madagascar dry deciduous forests","Tropical deciduous forest","TDF"
"AT0203","Zambezian Cryptosepalum dry forests","Tropical deciduous forest","TDF"
"AT0701","Angolan Miombo woodlands","Savanna and scrubland","SAV"
"AT0702","Angolan Mopane woodlands","Savanna and scrubland","SAV"
"AT0703","Ascension scrub and grasslands","Savanna and scrubland","SAV"
"AT0704","Central Zambezian Miombo woodlands","Savanna and scrubland","SAV"
"AT0705","East Sudanian savanna","Savanna and scrubland","SAV"
"AT0706","Eastern Miombo woodlands","Savanna and scrubland","SAV"
"AT0707","Guinean forest-savanna mosaic","Savanna and scrubland","SAV"
"AT0708","Itigi-Sumbu thicket","Savanna and scrubland","SAV"
"AT0709","Kalahari Acacia-Baikiaea woodlands","Savanna and scrubland","SAV"
"AT0710","Mandara Plateau mosaic","Savanna and scrubland","SAV"
"AT0711","Northern Acacia-Commiphora bushlands and thickets","Savanna and scrubland","SAV"
"AT0712","Northern Congolian forest-savanna mosaic","Savanna and scrubland","SAV"
"AT0713","Sahelian Acacia savanna","Savanna and scrubland","SAV"
"AT0714","Serengeti volcanic grasslands","Savanna and scrubland","SAV"
"AT0715","Somali Acacia-Commiphora bushlands and thickets","Savanna and scrubland","SAV"
"AT0716","Southern Acacia-Commiphora bushlands and thickets","Savanna and scrubland","SAV"
"AT0717","Southern Africa bushveld","Savanna and scrubland","SAV"
"AT0718","Southern Congolian forest-savanna mosaic","Savanna and scrubland","SAV"
"AT0719","Southern Miombo woodlands","Savanna and scrubland","SAV"
"AT0720","St. Helena scrub and woodlands","Savanna and scrubland","SAV"
"AT0721","Victoria Basin forest-savanna mosaic","Savanna and scrubland","SAV"
"AT0722","West Sudanian savanna","Savanna and scrubland","SAV"
"AT0723","Western Congolian forest-savanna mosaic","Savanna and scrubland","SAV"
"AT0724","Western Zambezian grasslands","Savanna and scrubland","SAV"
"AT0725","Zambezian and Mopane woodlands","Savanna and scrubland","SAV"
"AT0726","Zambezian Baikiaea woodlands","Savanna and scrubland","SAV"
"AT0801","Al Hajar montane woodlands","Desert","DES"
"AT0802","Amsterdam and Saint-Paul Islands temperate grasslands","Temperate grassland","TEG"
"AT0803","Tristan Da Cunha-Gough Islands shrub and grasslands","Temperate grassland","TEG"
"AT0901","East African halophytics","Savanna and scrubland","SAV"
"AT0902","Etosha Pan halophytics","Savanna and scrubland","SAV"
"AT0903","Inner Niger Delta flooded savanna","Savanna and scrubland","SAV"
"AT0904","Lake Chad flooded savanna","Savanna and scrubland","SAV"
"AT0905","Saharan flooded grasslands","Savanna and scrubland","SAV"
"AT0906","Zambezian coastal flooded savanna","Savanna and scrubland","SAV"
"AT0907","Zambezian flooded grasslands","Savanna and scrubland","SAV"
"AT0908","Zambezian halophytics","Savanna and scrubland","SAV"
"AT1001","Angolan montane forest-grassland mosaic","Savanna and scrubland","SAV"
"AT1002","Angolan scarp savanna and woodlands","Savanna and scrubland","SAV"
"AT1003","Drakensberg alti-montane grasslands and woodlands","Temperate grassland","TEG"
"AT1004","Drakensberg montane grasslands, woodlands and forests","Temperate grassland","TEG"
"AT1005","East African montane moorlands","Tropical montane grassland","TMG"
"AT1006","Eastern Zimbabwe montane forest-grassland mosaic","Savanna and scrubland","SAV"
"AT1007","Ethiopian montane grasslands and woodlands","Tropical montane grassland","TMG"
"AT1008","Ethiopian montane moorlands","Tropical montane grassland","TMG"
"AT1009","Highveld grasslands","Temperate grassland","TEG"
"AT1010","Jos Plateau forest-grassland mosaic","Savanna and scrubland","SAV"
"AT1011","Madagascar ericoid thickets","Tropical evergreen forest","TEF"
"AT1012","Maputaland-Pondoland bushland and thickets","Temperate grassland","TEG"
"AT1013","Rwenzori-Virunga montane moorlands","Tropical montane grassland","TMG"
"AT1014","South Malawi montane forest-grassland mosaic","Tropical evergreen forest","TEF"
"AT1015","Southern Rift montane forest-grassland mosaic","Tropical evergreen forest","TEF"
"AT1201","Albany thickets","Mediterranean","MED"
"AT1202","Lowland fynbos and renosterveld","Mediterranean","MED"
"AT1203","Montane fynbos and renosterveld","Mediterranean","MED"
"AT1301","Aldabra Island xeric scrub","Desert","DES"
"AT1302","Arabian Peninsula coastal fog desert","Desert","DES"
"AT1303","East Saharan montane xeric woodlands","Desert","DES"
"AT1304","Eritrean coastal desert","Desert","DES"
"AT1305","Ethiopian xeric grasslands and shrublands","Desert","DES"
"AT1306","Gulf of Oman desert and semi-desert","Desert","DES"
"AT1307","Hobyo grasslands and shrublands","Desert","DES"
"AT1308","Ile Europa and Bassas da India xeric scrub","Savanna and scrubland","SAV"
"AT1309","Kalahari xeric savanna","Desert","DES"
"AT1310","Kaokoveld desert","Desert","DES"
"AT1311","Madagascar spiny thickets","Savanna and scrubland","SAV"
"AT1312","Madagascar succulent woodlands","Tropical deciduous forest","TDF"
"AT1313","Masai xeric grasslands and shrublands","Savanna and scrubland","SAV"
"AT1314","Nama Karoo","Desert","DES"
"AT1315","Namib desert","Desert","DES"
"AT1316","Namibian savanna woodlands","Desert","DES"
"AT1318","Socotra Island xeric shrublands","Desert","DES"
"AT1319","Somali montane xeric woodlands","Desert","DES"
"AT1320","Southwestern Arabian foothills savanna","Desert","DES"
"AT1321","Southwestern Arabian montane woodlands","Desert","DES"
"AT1322","Succulent Karoo","Desert","DES"
"AT1401","Central African mangroves","Mangrove","MAN"
"AT1402","East African mangroves","Mangrove","MAN"
"AT1403","Guinean mangroves","Mangrove","MAN"
"AT1404","Madagascar mangroves","Mangrove","MAN"
"AT1405","Southern Africa mangroves","Mangrove","MAN"
"IM0101","Andaman Islands rain forests","Tropical evergreen forest","TEF"
"IM0102","Borneo lowland rain forests","Tropical evergreen forest","TEF"
"IM0103","Borneo montane rain forests","Tropical evergreen forest","TEF"
"IM0104","Borneo peat swamp forests","Tropical evergreen forest","TEF"
"IM0105","Brahmaputra Valley semi-evergreen forests","Tropical evergreen forest","TEF"
"IM0106","Cardamom Mountains rain forests","Tropical evergreen forest","TEF"
"IM0107","Chao Phraya freshwater swamp forests","Tropical evergreen forest","TEF"
"IM0108","Chao Phraya lowland moist deciduous forests","Tropical evergreen forest","TEF"
"IM0109","Chin Hills-Arakan Yoma montane forests","Tropical evergreen forest","TEF"
"IM0110","Christmas and Cocos Islands tropical forests","Tropical evergreen forest","TEF"
"IM0111","Eastern highlands moist deciduous forests","Tropical evergreen forest","TEF"
"IM0112","Eastern Java-Bali montane rain forests","Tropical evergreen forest","TEF"
"IM0113","Eastern Java-Bali rain forests","Tropical evergreen forest","TEF"
"IM0114","Greater Negros-Panay rain forests","Tropical evergreen forest","TEF"
"IM0115","Himalayan subtropical broadleaf forests","Tropical evergreen forest","TEF"
"IM0116","Irrawaddy freshwater swamp forests","Tropical evergreen forest","TEF"
"IM0117","Irrawaddy moist deciduous forests","Tropical evergreen forest","TEF"
"IM0118","Jian Nan subtropical evergreen forests","Tropical evergreen forest","TEF"
"IM0119","Kayah-Karen montane rain forests","Tropical evergreen forest","TEF"
"IM0120","Lower Gangetic Plains moist deciduous forests","Tropical evergreen forest","TEF"
"IM0121","Luang Prabang montane rain forests","Tropical evergreen forest","TEF"
"IM0122","Luzon montane rain forests","Tropical evergreen forest","TEF"
"IM0123","Luzon rain forests","Tropical evergreen forest","TEF"
"IM0124","Malabar Coast moist forests","Tropical evergreen forest","TEF"
"IM0125","Maldives-Lakshadweep-Chagos Archipelago tropical moist forests","Tropical evergreen forest","TEF"
"IM0126","Meghalaya subtropical forests","Tropical evergreen forest","TEF"
"IM0127","Mentawai Islands rain forests","Tropical evergreen forest","TEF"
"IM0128","Mindanao montane rain forests","Tropical evergreen forest","TEF"
"IM0129","Mindanao-Eastern Visayas rain forests","Tropical evergreen forest","TEF"
"IM0130","Mindoro rain forests","Tropical evergreen forest","TEF"
"IM0131","Mizoram-Manipur-Kachin rain forests","Tropical evergreen forest","TEF"
"IM0132","Myanmar coastal rain forests","Tropical evergreen forest","TEF"
"IM0133","Nicobar Islands rain forests","Tropical evergreen forest","TEF"
"IM0134","North Western Ghats moist deciduous forests","Tropical evergreen forest","TEF"
"IM0135","North Western Ghats montane rain forests","Tropical evergreen forest","TEF"
"IM0136","Northern Annamites rain forests","Tropical evergreen forest","TEF"
"IM0137","Northern Indochina subtropical forests","Tropical evergreen forest","TEF"
"IM0138","Northern Khorat Plateau moist deciduous forests","Tropical evergreen forest","TEF"
"IM0139","Northern Thailand-Laos moist deciduous forests","Tropical evergreen forest","TEF"
"IM0140","Northern Triangle subtropical forests","Tropical evergreen forest","TEF"
"IM0141","Northern Vietnam lowland rain forests","Tropical evergreen forest","TEF"
"IM0142","Orissa semi-evergreen forests","Tropical evergreen forest","TEF"
"IM0143","Palawan rain forests","Tropical evergreen forest","TEF"
"IM0144","Peninsular Malaysian montane rain forests","Tropical evergreen forest","TEF"
"IM0145","Peninsular Malaysian peat swamp forests","Tropical evergreen forest","TEF"
"IM0146","Peninsular Malaysian rain forests","Tropical evergreen forest","TEF"
"IM0147","Red River freshwater swamp forests","Tropical evergreen forest","TEF"
"IM0148","South China Sea Islands","Tropical evergreen forest","TEF"
"IM0149","South China-Vietnam subtropical evergreen forests","Tropical evergreen forest","TEF"
"IM0150","South Western Ghats moist deciduous forests","Tropical evergreen forest","TEF"
"IM0151","South Western Ghats montane rain forests","Tropical evergreen forest","TEF"
"IM0152","Southern Annamites montane rain forests","Tropical evergreen forest","TEF"
"IM0153","Southwest Borneo freshwater swamp forests","Tropical evergreen forest","TEF"
"IM0154","Sri Lanka lowland rain forests","Tropical evergreen forest","TEF"
"IM0155","Sri Lanka montane rain forests","Tropical evergreen forest","TEF"
"IM0156","Sulu Archipelago rain forests","Tropical evergreen forest","TEF"
"IM0157","Sumatran freshwater swamp forests","Tropical evergreen forest","TEF"
"IM0158","Sumatran lowland rain forests","Tropical evergreen forest","TEF"
"IM0159","Sumatran montane rain forests","Tropical evergreen forest","TEF"
"IM0160","Sumatran peat swamp forests","Tropical evergreen forest","TEF"
"IM0161","Sundaland heath forests","Tropical evergreen forest","TEF"
"IM0162","Sundarbans freshwater swamp forests","Tropical evergreen forest","TEF"
"IM0163","Tenasserim-South Thailand semi-evergreen rain forests","Tropical evergreen forest","TEF"
"IM0164","Tonle Sap freshwater swamp forests","Tropical evergreen forest","TEF"
"IM0165","Tonle Sap-Mekong peat swamp forests","Tropical evergreen forest","TEF"
"IM0166","Upper Gangetic Plains moist deciduous forests","Tropical evergreen forest","TEF"
"IM0167","Western Java montane rain forests","Tropical evergreen forest","TEF"
"IM0168","Western Java rain forests","Tropical evergreen forest","TEF"
"IM0169","Hainan Island monsoon rain forests","Tropical evergreen forest","TEF"
"IM0170","Nansei Islands subtropical evergreen forests","Tropical evergreen forest","TEF"
"IM0171","South Taiwan monsoon rain forests","Tropical evergreen forest","TEF"
"IM0172","Taiwan subtropical evergreen forests","Tropical evergreen forest","TEF"
"IM0201","Central Deccan Plateau dry deciduous forests","Savanna and scrubland","SAV"
"IM0202","Central Indochina dry forests","Tropical deciduous forest","TDF"
"IM0203","Chhota-Nagpur dry deciduous forests","Tropical deciduous forest","TDF"
"IM0204","East Deccan dry-evergreen forests","Tropical evergreen forest","TEF"
"IM0205","Irrawaddy dry forests","Savanna and scrubland","SAV"
"IM0206","Khathiar-Gir dry deciduous forests","Tropical deciduous forest","TDF"
"IM0207","Narmada Valley dry deciduous forests","Tropical deciduous forest","TDF"
"IM0208","Northern dry deciduous forests","Tropical deciduous forest","TDF"
"IM0209","South Deccan Plateau dry deciduous forests","Savanna and scrubland","SAV"
"IM0210","Southeastern Indochina dry evergreen forests","Tropical evergreen forest","TEF"
"IM0211","Southern Vietnam lowland dry forests","Tropical deciduous forest","TDF"
"IM0212","Sri Lanka dry-zone dry evergreen forests","Tropical evergreen forest","TEF"
"IM0301","Himalayan subtropical pine forests","Coniferous forest","COF"
"IM0302","Luzon tropical pine forests","Tropical evergreen forest","TEF"
"IM0303","Northeast India-Myanmar pine forests","Tropical evergreen forest","TEF"
"IM0304","Sumatran tropical pine forests","Tropical evergreen forest","TEF"
"IM0401","Eastern Himalayan broadleaf forests","Warm-temperate evergreen forest","WTF"
"IM0402","Northern Triangle temperate forests","Warm-temperate evergreen forest","WTF"
"IM0403","Western Himalayan broadleaf forests","North-temperate deciduous forest","NTF"
"IM0501","Eastern Himalayan subalpine conifer forests","Coniferous forest","COF"
"IM0502","Western Himalayan subalpine conifer forests","Coniferous forest","COF"
"IM0701","Terai-Duar savanna and grasslands","Savanna and scrubland","SAV"
"IM0901","Rann of Kutch seasonal salt marsh","Savanna and scrubland","SAV"
"IM1001","Kinabalu montane alpine meadows","Tropical montane grassland","TMG"
"IM1301","Deccan thorn scrub forests","Savanna and scrubland","SAV"
"IM1302","Indus Valley desert","Desert","DES"
"IM1303","Northwestern thorn scrub forests","Savanna and scrubland","SAV"
"IM1304","Thar desert","Desert","DES"
"IM1401","Goadavari-Krishna mangroves","Mangrove","MAN"
"IM1402","Indochina mangroves","Mangrove","MAN"
"IM1403","Indus River Delta-Arabian Sea mangroves","Mangrove","MAN"
"IM1404","Myanmar Coast mangroves","Mangrove","MAN"
"IM1405","Sunda Shelf mangroves","Mangrove","MAN"
"IM1406","Sundarbans mangroves","Mangrove","MAN"
"Lake","Lake","Lake","LAK"
"NA0201","Sonoran-Sinaloan transition subtropical dry forest","Tropical deciduous forest","TDF"
"NA0301","Bermuda subtropical conifer forests","Savanna and scrubland","SAV"
"NA0302","Sierra Madre Occidental pine-oak forests","Coniferous forest","COF"
"NA0303","Sierra Madre Oriental pine-oak forests","Warm-temperate evergreen forest","WTF"
"NA0401","Allegheny Highlands forests","North-temperate deciduous forest","NTF"
"NA0402","Appalachian mixed mesophytic forests","North-temperate deciduous forest","NTF"
"NA0403","Appalachian-Blue Ridge forests","North-temperate deciduous forest","NTF"
"NA0404","Central U.S. hardwood forests","North-temperate deciduous forest","NTF"
"NA0405","East Central Texas forests","North-temperate deciduous forest","NTF"
"NA0406","Eastern forest-boreal transition","North-temperate deciduous forest","NTF"
"NA0407","Eastern Great Lakes lowland forests","North-temperate deciduous forest","NTF"
"NA0408","Gulf of St. Lawrence lowland forests","North-temperate deciduous forest","NTF"
"NA0409","Mississippi lowland forests","North-temperate deciduous forest","NTF"
"NA0410","New England-Acadian forests","North-temperate deciduous forest","NTF"
"NA0411","Northeastern coastal forests","North-temperate deciduous forest","NTF"
"NA0412","Ozark Mountain forests","North-temperate deciduous forest","NTF"
"NA0413","Southeastern mixed forests","North-temperate deciduous forest","NTF"
"NA0414","Southern Great Lakes forests","North-temperate deciduous forest","NTF"
"NA0415","Upper Midwest forest-savanna transition","North-temperate deciduous forest","NTF"
"NA0416","Western Great Lakes forests","North-temperate deciduous forest","NTF"
"NA0417","Willamette Valley forests","Temperate grassland","TEG"
"NA0501","Alberta Mountain forests","Coniferous forest","COF"
"NA0502","Alberta-British Columbia foothills forests","Coniferous forest","COF"
"NA0503","Arizona Mountains forests","Coniferous forest","COF"
"NA0504","Atlantic coastal pine barrens","Savanna and scrubland","SAV"
"NA0505","Blue Mountains forests","Coniferous forest","COF"
"NA0506","British Columbia mainland coastal forests","Coniferous forest","COF"
"NA0507","Cascade Mountains leeward forests","Coniferous forest","COF"
"NA0508","Central and Southern Cascades forests","Coniferous forest","COF"
"NA0509","Central British Columbia Mountain forests","Coniferous forest","COF"
"NA0510","Central Pacific coastal forests","Coniferous forest","COF"
"NA0511","Colorado Rockies forests","Coniferous forest","COF"
"NA0512","Eastern Cascades forests","Coniferous forest","COF"
"NA0513","Florida sand pine scrub","Savanna and scrubland","SAV"
"NA0514","Fraser Plateau and Basin complex","Coniferous forest","COF"
"NA0515","Great Basin montane forests","Coniferous forest","COF"
"NA0516","Klamath-Siskiyou forests","Coniferous forest","COF"
"NA0517","Middle Atlantic coastal forests","Savanna and scrubland","SAV"
"NA0518","North Central Rockies forests","Coniferous forest","COF"
"NA0519","Northern California coastal forests","Coniferous forest","COF"
"NA0520","Northern Pacific coastal forests","Coniferous forest","COF"
"NA0521","Northern transitional alpine forests","Coniferous forest","COF"
"NA0522","Okanagan dry forests","Coniferous forest","COF"
"NA0523","Piney Woods forests","Savanna and scrubland","SAV"
"NA0524","Puget lowland forests","Coniferous forest","COF"
"NA0525","Queen Charlotte Islands","Coniferous forest","COF"
"NA0526","Sierra Juarez and San Pedro Martir pine-oak forests","Coniferous forest","COF"
"NA0527","Sierra Nevada forests","Coniferous forest","COF"
"NA0528","South Central Rockies forests","Coniferous forest","COF"
"NA0529","Southeastern conifer forests","Savanna and scrubland","SAV"
"NA0530","Wasatch and Uinta montane forests","Coniferous forest","COF"
"NA0601","Alaska Peninsula montane taiga","Coniferous forest","COF"
"NA0602","Central Canadian Shield forests","Coniferous forest","COF"
"NA0603","Cook Inlet taiga","Coniferous forest","COF"
"NA0604","Copper Plateau taiga","Coniferous forest","COF"
"NA0605","Eastern Canadian forests","Coniferous forest","COF"
"NA0606","Eastern Canadian Shield taiga","Coniferous forest","COF"
"NA0607","Interior Alaska-Yukon lowland taiga","Coniferous forest","COF"
"NA0608","Mid-Continental Canadian forests","Coniferous forest","COF"
"NA0609","Midwestern Canadian Shield forests","Coniferous forest","COF"
"NA0610","Muskwa-Slave Lake forests","Coniferous forest","COF"
"NA0611","Newfoundland Highland forests","Coniferous forest","COF"
"NA0612","Northern Canadian Shield taiga","Coniferous forest","COF"
"NA0613","Northern Cordillera forests","Coniferous forest","COF"
"NA0614","Northwest Territories taiga","Coniferous forest","COF"
"NA0615","South Avalon-Burin oceanic barrens","Coniferous forest","COF"
"NA0616","Southern Hudson Bay taiga","Coniferous forest","COF"
"NA0617","Yukon Interior dry forests","Coniferous forest","COF"
"NA0701","Western Gulf coastal grasslands","Savanna and scrubland","SAV"
"NA0801","California Central Valley grasslands","Temperate grassland","TEG"
"NA0802","Canadian Aspen forests and parklands","Temperate grassland","TEG"
"NA0803","Central and Southern mixed grasslands","Temperate grassland","TEG"
"NA0804","Central forest-grasslands transition","Temperate grassland","TEG"
"NA0805","Central tall grasslands","Temperate grassland","TEG"
"NA0806","Edwards Plateau savanna","Temperate grassland","TEG"
"NA0807","Flint Hills tall grasslands","Temperate grassland","TEG"
"NA0808","Montana Valley and Foothill grasslands","Temperate grassland","TEG"
"NA0809","Nebraska Sand Hills mixed grasslands","Temperate grassland","TEG"
"NA0810","Northern mixed grasslands","Temperate grassland","TEG"
"NA0811","Northern short grasslands","Temperate grassland","TEG"
"NA0812","Northern tall grasslands","Temperate grassland","TEG"
"NA0813","Palouse grasslands","Temperate grassland","TEG"
"NA0814","Texas blackland prairies","Temperate grassland","TEG"
"NA0815","Western short grasslands","Temperate grassland","TEG"
"NA1101","Alaska-St. Elias Range tundra","Tundra","TUN"
"NA1102","Aleutian Islands tundra","Tundra","TUN"
"NA1103","Arctic coastal tundra","Tundra","TUN"
"NA1104","Arctic foothills tundra","Tundra","TUN"
"NA1105","Baffin coastal tundra","Tundra","TUN"
"NA1106","Beringia lowland tundra","Tundra","TUN"
"NA1107","Beringia upland tundra","Tundra","TUN"
"NA1108","Brooks-British Range tundra","Tundra","TUN"
"NA1109","Davis Highlands tundra","Tundra","TUN"
"NA1110","High Arctic tundra","Tundra","TUN"
"NA1111","Interior Yukon-Alaska alpine tundra","Tundra","TUN"
"NA1112","Kalaallit Nunaat high arctic tundra","Tundra","TUN"
"NA1113","Kalaallit Nunaat low arctic tundra","Tundra","TUN"
"NA1114","Low Arctic tundra","Tundra","TUN"
"NA1115","Middle Arctic tundra","Tundra","TUN"
"NA1116","Ogilvie-MacKenzie alpine tundra","Tundra","TUN"
"NA1117","Pacific Coastal Mountain icefields and tundra","Tundra","TUN"
"NA1118","Torngat Mountain tundra","Tundra","TUN"
"NA1201","California coastal sage and chaparral","Mediterranean","MED"
"NA1202","California interior chaparral and woodlands","Mediterranean","MED"
"NA1203","California montane chaparral and woodlands","Mediterranean","MED"
"NA1301","Baja California desert","Desert","DES"
"NA1302","Central Mexican matorral","Desert","DES"
"NA1303","Chihuahuan desert","Desert","DES"
"NA1304","Colorado Plateau shrublands","Desert","DES"
"NA1305","Great Basin shrub steppe","Desert","DES"
"NA1306","Gulf of California xeric scrub","Desert","DES"
"NA1307","Meseta Central matorral","Desert","DES"
"NA1308","Mojave desert","Desert","DES"
"NA1309","Snake-Columbia shrub steppe","Desert","DES"
"NA1310","Sonoran desert","Desert","DES"
"NA1311","Tamaulipan matorral","Desert","DES"
"NA1312","Tamaulipan mezquital","Desert","DES"
"NA1313","Wyoming Basin shrub steppe","Desert","DES"
"NT0101","Araucaria moist forests","Tropical evergreen forest","TEF"
"NT0102","Atlantic Coast restingas","Tropical evergreen forest","TEF"
"NT0103","Bahia coastal forests","Tropical evergreen forest","TEF"
"NT0104","Bahia interior forests","Tropical evergreen forest","TEF"
"NT0105","Bolivian Yungas","Tropical evergreen forest","TEF"
"NT0106","Caatinga Enclaves moist forests","Tropical evergreen forest","TEF"
"NT0107","Caqueta moist forests","Tropical evergreen forest","TEF"
"NT0108","Catatumbo moist forests","Tropical evergreen forest","TEF"
"NT0109","Cauca Valley montane forests","Tropical evergreen forest","TEF"
"NT0110","Cayos Miskitos-San Andr_s and Providencia moist forests","Tropical evergreen forest","TEF"
"NT0111","Central American Atlantic moist forests","Tropical evergreen forest","TEF"
"NT0112","Central American montane forests","Tropical evergreen forest","TEF"
"NT0113","Chiapas montane forests","Tropical evergreen forest","TEF"
"NT0114","Chimalapas montane forests","Tropical evergreen forest","TEF"
"NT0115","Chocã-Dari_n moist forests","Tropical evergreen forest","TEF"
"NT0116","Cocos Island moist forests","Tropical evergreen forest","TEF"
"NT0117","Cordillera La Costa montane forests","Tropical evergreen forest","TEF"
"NT0118","Cordillera Oriental montane forests","Tropical evergreen forest","TEF"
"NT0119","Costa Rican seasonal moist forests","Tropical evergreen forest","TEF"
"NT0120","Cuban moist forests","Tropical evergreen forest","TEF"
"NT0121","Eastern Cordillera real montane forests","Tropical evergreen forest","TEF"
"NT0122","Eastern Panamanian montane forests","Tropical evergreen forest","TEF"
"NT0123","Fernando de Noronha-Atol das Rocas moist forests","Tropical evergreen forest","TEF"
"NT0124","Guianan Highlands moist forests","Tropical evergreen forest","TEF"
"NT0125","Guianan moist forests","Tropical evergreen forest","TEF"
"NT0126","Gurupa varzeö","Tropical evergreen forest","TEF"
"NT0127","Hispaniolan moist forests","Tropical evergreen forest","TEF"
"NT0128","Iquitos varzeö","Tropical evergreen forest","TEF"
"NT0129","Isthmian-Atlantic moist forests","Tropical evergreen forest","TEF"
"NT0130","Isthmian-Pacific moist forests","Tropical evergreen forest","TEF"
"NT0131","Jamaican moist forests","Tropical evergreen forest","TEF"
"NT0132","Japurö-Solimoes-Negro moist forests","Tropical evergreen forest","TEF"
"NT0133","Juruö-Purus moist forests","Tropical evergreen forest","TEF"
"NT0134","Leeward Islands moist forests","Tropical evergreen forest","TEF"
"NT0135","Madeira-Tapajãs moist forests","Tropical evergreen forest","TEF"
"NT0136","Magdalena Valley montane forests","Tropical evergreen forest","TEF"
"NT0137","Magdalena-Urabö moist forests","Tropical evergreen forest","TEF"
"NT0138","Marajã varzeö","Tropical evergreen forest","TEF"
"NT0139","Maranh o Babaçu forests","Tropical evergreen forest","TEF"
"NT0140","Mato Grosso seasonal forests","Tropical evergreen forest","TEF"
"NT0141","Monte Alegre varzeö","Tropical evergreen forest","TEF"
"NT0142","Napo moist forests","Tropical evergreen forest","TEF"
"NT0143","Negro-Branco moist forests","Tropical evergreen forest","TEF"
"NT0144","Northeastern Brazil restingas","Tropical evergreen forest","TEF"
"NT0145","Northwestern Andean montane forests","Tropical evergreen forest","TEF"
"NT0146","Oaxacan montane forests","Tropical evergreen forest","TEF"
"NT0147","Orinoco Delta swamp forests","Tropical evergreen forest","TEF"
"NT0148","Pantanos de Centla","Tropical evergreen forest","TEF"
"NT0149","Guianan freshwater swamp forests","Tropical evergreen forest","TEF"
"NT0150","Alto Paranö Atlantic forests","Tropical evergreen forest","TEF"
"NT0151","Pernambuco coastal forests","Tropical evergreen forest","TEF"
"NT0152","Pernambuco interior forests","Tropical evergreen forest","TEF"
"NT0153","Peruvian Yungas","Tropical evergreen forest","TEF"
"NT0154","Pet_n-Veracruz moist forests","Tropical evergreen forest","TEF"
"NT0155","Puerto Rican moist forests","Tropical evergreen forest","TEF"
"NT0156","Purus varzeö","Tropical evergreen forest","TEF"
"NT0157","Purus-Madeira moist forests","Tropical evergreen forest","TEF"
"NT0158","Rio Negro campinarana","Tropical evergreen forest","TEF"
"NT0159","Santa Marta montane forests","Tropical evergreen forest","TEF"
"NT0160","Serra do Mar coastal forests","Tropical evergreen forest","TEF"
"NT0161","Sierra de los Tuxtlas","Tropical evergreen forest","TEF"
"NT0162","Sierra Madre de Chiapas moist forests","Tropical evergreen forest","TEF"
"NT0163","Solim_es-Japurö moist forests","Tropical evergreen forest","TEF"
"NT0164","South Florida rocklands","Tropical evergreen forest","TEF"
"NT0165","Southern Andean Yungas","Tropical evergreen forest","TEF"
"NT0166","Southwest Amazon moist forests","Tropical evergreen forest","TEF"
"NT0167","Talamancan montane forests","Tropical evergreen forest","TEF"
"NT0168","Tapajãs-Xingu moist forests","Tropical evergreen forest","TEF"
"NT0169","Pantepui","Tropical evergreen forest","TEF"
"NT0170","Tocantins/Pindare moist forests","Tropical evergreen forest","TEF"
"NT0171","Trinidad and Tobago moist forests","Tropical evergreen forest","TEF"
"NT0172","Trindade-Martin Vaz Islands tropical forests","Tropical evergreen forest","TEF"
"NT0173","Uatuma-Trombetas moist forests","Tropical evergreen forest","TEF"
"NT0174","Ucayali moist forests","Tropical evergreen forest","TEF"
"NT0175","Venezuelan Andes montane forests","Tropical evergreen forest","TEF"
"NT0176","Veracruz moist forests","Tropical evergreen forest","TEF"
"NT0177","Veracruz montane forests","Tropical evergreen forest","TEF"
"NT0178","Western Ecuador moist forests","Tropical evergreen forest","TEF"
"NT0179","Windward Islands moist forests","Tropical evergreen forest","TEF"
"NT0180","Xingu-Tocantins-Araguaia moist forests","Tropical evergreen forest","TEF"
"NT0181","Yucatön moist forests","Tropical evergreen forest","TEF"
"NT0182","Guianan piedmont and lowland moist forests","Tropical evergreen forest","TEF"
"NT0201","Apure-Villavicencio dry forests","Tropical deciduous forest","TDF"
"NT0202","Atlantic dry forests","Tropical deciduous forest","TDF"
"NT0204","Bajêo dry forests","Tropical deciduous forest","TDF"
"NT0205","Balsas dry forests","Tropical deciduous forest","TDF"
"NT0206","Bolivian montane dry forests","Tropical deciduous forest","TDF"
"NT0207","Cauca Valley dry forests","Tropical deciduous forest","TDF"
"NT0209","Central American dry forests","Tropical deciduous forest","TDF"
"NT0210","Dry Chaco","Savanna and scrubland","SAV"
"NT0211","Chiapas Depression dry forests","Tropical deciduous forest","TDF"
"NT0212","Chiquitano dry forests","Tropical deciduous forest","TDF"
"NT0213","Cuban dry forests","Tropical deciduous forest","TDF"
"NT0214","Ecuadorian dry forests","Tropical deciduous forest","TDF"
"NT0215","Hispaniolan dry forests","Tropical deciduous forest","TDF"
"NT0216","Islas Revillagigedo dry forests","Tropical deciduous forest","TDF"
"NT0217","Jalisco dry forests","Tropical deciduous forest","TDF"
"NT0218","Jamaican dry forests","Tropical deciduous forest","TDF"
"NT0219","Lara-Falcãn dry forests","Tropical deciduous forest","TDF"
"NT0220","Lesser Antillean dry forests","Tropical deciduous forest","TDF"
"NT0221","Magdalena Valley dry forests","Tropical deciduous forest","TDF"
"NT0222","Maracaibo dry forests","Tropical deciduous forest","TDF"
"NT0223","Mara_ãn dry forests","Tropical deciduous forest","TDF"
"NT0224","Panamanian dry forests","Tropical deciduous forest","TDF"
"NT0225","Patêa Valley dry forests","Tropical deciduous forest","TDF"
"NT0226","Puerto Rican dry forests","Tropical deciduous forest","TDF"
"NT0227","Sierra de la Laguna dry forests","Tropical deciduous forest","TDF"
"NT0228","Sinaloan dry forests","Tropical deciduous forest","TDF"
"NT0229","Sin“ Valley dry forests","Tropical deciduous forest","TDF"
"NT0230","Southern Pacific dry forests","Tropical deciduous forest","TDF"
"NT0232","Tumbes-Piura dry forests","Tropical deciduous forest","TDF"
"NT0233","Veracruz dry forests","Tropical deciduous forest","TDF"
"NT0235","Yucatön dry forests","Tropical deciduous forest","TDF"
"NT0301","Bahamian pine mosaic","Savanna and scrubland","SAV"
"NT0302","Belizian pine forests","Savanna and scrubland","SAV"
"NT0303","Central American pine-oak forests","Tropical evergreen forest","TEF"
"NT0304","Cuban pine forests","Tropical evergreen forest","TEF"
"NT0305","Hispaniolan pine forests","Coniferous forest","COF"
"NT0306","Miskito pine forests","Savanna and scrubland","SAV"
"NT0307","Sierra de la Laguna pine-oak forests","Tropical deciduous forest","TDF"
"NT0308","Sierra Madre de Oaxaca pine-oak forests","Tropical deciduous forest","TDF"
"NT0309","Sierra Madre del Sur pine-oak forests","Tropical evergreen forest","TEF"
"NT0310","Trans-Mexican Volcanic Belt pine-oak forests","Coniferous forest","COF"
"NT0401","Juan Fernöndez Islands temperate forests","South-temperate forest","STF"
"NT0402","Magellanic subpolar forests","South-temperate forest","STF"
"NT0403","San F_lix-San Ambrosio Islands temperate forests","South-temperate forest","STF"
"NT0404","Valdivian temperate forests","South-temperate forest","STF"
"NT0702","Beni savanna","Savanna and scrubland","SAV"
"NT0703","Campos Rupestres montane savanna","Savanna and scrubland","SAV"
"NT0704","Cerrado","Savanna and scrubland","SAV"
"NT0705","Clipperton Island shrub and grasslands","Savanna and scrubland","SAV"
"NT0707","Guianan savanna","Savanna and scrubland","SAV"
"NT0708","Humid Chaco","Savanna and scrubland","SAV"
"NT0709","Llanos","Savanna and scrubland","SAV"
"NT0710","Uruguayan savanna","Savanna and scrubland","SAV"
"NT0801","Espinal","Savanna and scrubland","SAV"
"NT0802","Low Monte","Temperate grassland","TEG"
"NT0803","Humid Pampas","Savanna and scrubland","SAV"
"NT0805","Patagonian steppe","Tundra","TUN"
"NT0902","Cuban wetlands","Savanna and scrubland","SAV"
"NT0903","Enriquillo wetlands","Savanna and scrubland","SAV"
"NT0904","Everglades","Savanna and scrubland","SAV"
"NT0905","Guayaquil flooded grasslands","Savanna and scrubland","SAV"
"NT0906","Orinoco wetlands","Savanna and scrubland","SAV"
"NT0907","Pantanal","Savanna and scrubland","SAV"
"NT0908","Paranö flooded savanna","Savanna and scrubland","SAV"
"NT0909","Southern Cone Mesopotamian savanna","Savanna and scrubland","SAV"
"NT1001","Central Andean dry puna","Tundra","TUN"
"NT1002","Central Andean puna","Tundra","TUN"
"NT1003","Central Andean wet puna","Tropical montane grassland","TMG"
"NT1004","Cordillera Central pöramo","Tropical montane grassland","TMG"
"NT1005","Cordillera de Merida pöramo","Tropical montane grassland","TMG"
"NT1006","Northern Andean pöramo","Tropical montane grassland","TMG"
"NT1007","Santa Marta pöramo","Tropical montane grassland","TMG"
"NT1008","Southern Andean steppe","Tundra","TUN"
"NT1010","High Monte","Tundra","TUN"
"NT1201","Chilean matorral","Mediterranean","MED"
"NT1301","Araya and Paria xeric scrub","Savanna and scrubland","SAV"
"NT1303","Atacama desert","Desert","DES"
"NT1304","Caatinga","Savanna and scrubland","SAV"
"NT1305","Caribbean shrublands","Savanna and scrubland","SAV"
"NT1306","Cuban cactus scrub","Desert","DES"
"NT1307","Galöpagos Islands scrubland mosaic","Desert","DES"
"NT1308","Guajira-Barranquilla xeric scrub","Desert","DES"
"NT1309","La Costa xeric shrublands","Savanna and scrubland","SAV"
"NT1311","Malpelo Island xeric scrub","Savanna and scrubland","SAV"
"NT1312","Motagua Valley thornscrub","Savanna and scrubland","SAV"
"NT1313","Paraguana xeric scrub","Savanna and scrubland","SAV"
"NT1314","San Lucan xeric scrub","Desert","DES"
"NT1315","Sechura desert","Desert","DES"
"NT1316","Tehuacön Valley matorral","Desert","DES"
"NT1318","St. Peter and St. Paul rocks","Desert","DES"
"NT1401","Amazon-Orinoco-Southern Caribbean mangroves","Mangrove","MAN"
"NT1402","Bahamian-Antillean mangroves","Mangrove","MAN"
"NT1403","Mesoamerican Gulf-Caribbean mangroves","Mangrove","MAN"
"NT1404","Northern Mesoamerican Pacific mangroves","Mangrove","MAN"
"NT1405","South American Pacific mangroves","Mangrove","MAN"
"NT1406","Southern Atlantic mangroves","Mangrove","MAN"
"NT1407","Southern Mesoamerican Pacific mangroves","Mangrove","MAN"
"OC0101","Carolines tropical moist forests","Tropical evergreen forest","TEF"
"OC0102","Central Polynesian tropical moist forests","Tropical evergreen forest","TEF"
"OC0103","Cook Islands tropical moist forests","Tropical evergreen forest","TEF"
"OC0104","Eastern Micronesia tropical moist forests","Tropical evergreen forest","TEF"
"OC0105","Fiji tropical moist forests","Tropical evergreen forest","TEF"
"OC0106","Hawaii tropical moist forests","Tropical evergreen forest","TEF"
"OC0107","Kermadec Islands subtropical moist forests","Tropical evergreen forest","TEF"
"OC0108","Marquesas tropical moist forests","Tropical evergreen forest","TEF"
"OC0109","Ogasawara subtropical moist forests","Tropical evergreen forest","TEF"
"OC0110","Palau tropical moist forests","Tropical evergreen forest","TEF"
"OC0111","Rapa Nui subtropical broadleaf forests","Tropical evergreen forest","TEF"
"OC0112","Samoan tropical moist forests","Tropical evergreen forest","TEF"
"OC0113","Society Islands tropical moist forests","Tropical evergreen forest","TEF"
"OC0114","Tongan tropical moist forests","Tropical evergreen forest","TEF"
"OC0115","Tuamotu tropical moist forests","Tropical evergreen forest","TEF"
"OC0116","Tubuai tropical moist forests","Tropical evergreen forest","TEF"
"OC0117","Western Polynesian tropical moist forests","Tropical evergreen forest","TEF"
"OC0201","Fiji tropical dry forests","Tropical deciduous forest","TDF"
"OC0202","Hawaii tropical dry forests","Tropical deciduous forest","TDF"
"OC0203","Marianas tropical dry forests","Tropical deciduous forest","TDF"
"OC0204","Yap tropical dry forests","Tropical deciduous forest","TDF"
"OC0701","Hawaii tropical high shrublands","Tropical montane grassland","TMG"
"OC0702","Hawaii tropical low shrublands","Savanna and scrubland","SAV"
"OC0703","Northwestern Hawaii scrub","Savanna and scrubland","SAV"
"PA0101","Guizhou Plateau broadleaf and mixed forests","Tropical evergreen forest","TEF"
"PA0102","Yunnan Plateau subtropical evergreen forests","Tropical evergreen forest","TEF"
"PA0401","Appenine deciduous montane forests","North-temperate deciduous forest","NTF"
"PA0402","Atlantic mixed forests","North-temperate deciduous forest","NTF"
"PA0403","Azores temperate mixed forests","North-temperate deciduous forest","NTF"
"PA0404","Balkan mixed forests","North-temperate deciduous forest","NTF"
"PA0405","Baltic mixed forests","North-temperate deciduous forest","NTF"
"PA0406","Cantabrian mixed forests","North-temperate deciduous forest","NTF"
"PA0407","Caspian Hyrcanian mixed forests","North-temperate deciduous forest","NTF"
"PA0408","Caucasus mixed forests","North-temperate deciduous forest","NTF"
"PA0409","Celtic broadleaf forests","North-temperate deciduous forest","NTF"
"PA0410","Central Anatolian steppe and woodlands","Mediterranean","MED"
"PA0411","Central China loess plateau mixed forests","North-temperate deciduous forest","NTF"
"PA0412","Central European mixed forests","North-temperate deciduous forest","NTF"
"PA0413","Central Korean deciduous forests","North-temperate deciduous forest","NTF"
"PA0414","Changbai Mountains mixed forests","North-temperate deciduous forest","NTF"
"PA0415","Changjiang Plain evergreen forests","Warm-temperate evergreen forest","WTF"
"PA0416","Crimean Submediterranean forest complex","North-temperate deciduous forest","NTF"
"PA0417","Daba Mountains evergreen forests","Warm-temperate evergreen forest","WTF"
"PA0418","Dinaric Mountains mixed forests","North-temperate deciduous forest","NTF"
"PA0419","East European forest steppe","Temperate grassland","TEG"
"PA0420","Eastern Anatolian deciduous forests","North-temperate deciduous forest","NTF"
"PA0421","English Lowlands beech forests","North-temperate deciduous forest","NTF"
"PA0422","Euxine-Colchic broadleaf forests","North-temperate deciduous forest","NTF"
"PA0423","Hokkaido deciduous forests","North-temperate deciduous forest","NTF"
"PA0424","Huang He Plain mixed forests","North-temperate deciduous forest","NTF"
"PA0425","Madeira evergreen forests","Mediterranean","MED"
"PA0426","Manchurian mixed forests","Coniferous forest","COF"
"PA0427","Nihonkai evergreen forests","Warm-temperate evergreen forest","WTF"
"PA0428","Nihonkai montane deciduous forests","North-temperate deciduous forest","NTF"
"PA0429","North Atlantic moist mixed forests","North-temperate deciduous forest","NTF"
"PA0430","Northeast China Plain deciduous forests","North-temperate deciduous forest","NTF"
"PA0431","Pannonian mixed forests","North-temperate deciduous forest","NTF"
"PA0432","Po Basin mixed forests","Mediterranean","MED"
"PA0433","Pyrenees conifer and mixed forests","Coniferous forest","COF"
"PA0434","Qin Ling Mountains deciduous forests","North-temperate deciduous forest","NTF"
"PA0435","Rodope montane mixed forests","North-temperate deciduous forest","NTF"
"PA0436","Sarmatic mixed forests","North-temperate deciduous forest","NTF"
"PA0437","Sichuan Basin evergreen broadleaf forests","Warm-temperate evergreen forest","WTF"
"PA0438","South Sakhalin-Kurile mixed forests","North-temperate deciduous forest","NTF"
"PA0439","Southern Korea evergreen forests","Warm-temperate evergreen forest","WTF"
"PA0440","Taiheiyo evergreen forests","Warm-temperate evergreen forest","WTF"
"PA0441","Taiheiyo montane deciduous forests","North-temperate deciduous forest","NTF"
"PA0442","Tarim Basin deciduous forests and steppe","North-temperate deciduous forest","NTF"
"PA0443","Ussuri broadleaf and mixed forests","North-temperate deciduous forest","NTF"
"PA0444","Western Siberian hemiboreal forests","North-temperate deciduous forest","NTF"
"PA0445","Western European broadleaf forests","North-temperate deciduous forest","NTF"
"PA0446","Zagros Mountains forest steppe","Desert","DES"
"PA0501","Alps conifer and mixed forests","Coniferous forest","COF"
"PA0502","Altai montane forest and forest steppe","Coniferous forest","COF"
"PA0503","Caledon conifer forests","Coniferous forest","COF"
"PA0504","Carpathian montane forests","Coniferous forest","COF"
"PA0505","Da Hinggan-Dzhagdy Mountains conifer forests","Coniferous forest","COF"
"PA0506","East Afghan montane conifer forests","Coniferous forest","COF"
"PA0507","Elburz Range forest steppe","Coniferous forest","COF"
"PA0508","Helanshan montane conifer forests","Coniferous forest","COF"
"PA0509","Hengduan Mountains subalpine conifer forests","Coniferous forest","COF"
"PA0510","Hokkaido montane conifer forests","Coniferous forest","COF"
"PA0511","Honshu alpine conifer forests","Coniferous forest","COF"
"PA0512","Khangai Mountains conifer forests","Coniferous forest","COF"
"PA0513","Mediterranean conifer and mixed forests","Coniferous forest","COF"
"PA0514","Northeastern Himalayan subalpine conifer forests","Coniferous forest","COF"
"PA0515","Northern Anatolian conifer and deciduous forests","Coniferous forest","COF"
"PA0516","Nujiang Langcang Gorge alpine conifer and mixed forests","Coniferous forest","COF"
"PA0517","Qilian Mountains conifer forests","Coniferous forest","COF"
"PA0518","Qionglai-Minshan conifer forests","Coniferous forest","COF"
"PA0519","Sayan montane conifer forests","Coniferous forest","COF"
"PA0520","Scandinavian coastal conifer forests","Coniferous forest","COF"
"PA0521","Tian Shan montane conifer forests","Coniferous forest","COF"
"PA0601","East Siberian taiga","Coniferous forest","COF"
"PA0602","Iceland boreal birch forests and alpine tundra","Coniferous forest","COF"
"PA0603","Kamchatka-Kurile meadows and sparse forests","Coniferous forest","COF"
"PA0604","Kamchatka-Kurile taiga","Coniferous forest","COF"
"PA0605","Northeast Siberian taiga","Coniferous forest","COF"
"PA0606","Okhotsk-Manchurian taiga","Coniferous forest","COF"
"PA0607","Sakhalin Island taiga","Coniferous forest","COF"
"PA0608","Scandinavian and Russian taiga","Coniferous forest","COF"
"PA0609","Trans-Baikal conifer forests","Coniferous forest","COF"
"PA0610","Ural montane forests and tundra","Coniferous forest","COF"
"PA0611","West Siberian taiga","Coniferous forest","COF"
"PA0801","Alai-Western Tian Shan steppe","Temperate grassland","TEG"
"PA0802","Altai steppe and semi-desert","Temperate grassland","TEG"
"PA0803","Central Anatolian steppe","Temperate grassland","TEG"
"PA0804","Daurian forest steppe","Temperate grassland","TEG"
"PA0805","Eastern Anatolian montane steppe","Temperate grassland","TEG"
"PA0806","Emin Valley steppe","Temperate grassland","TEG"
"PA0807","Faroe Islands boreal grasslands","Temperate grassland","TEG"
"PA0808","Gissaro-Alai open woodlands","Temperate grassland","TEG"
"PA0809","Kazakh forest steppe","Temperate grassland","TEG"
"PA0810","Kazakh steppe","Temperate grassland","TEG"
"PA0811","Kazakh upland","Temperate grassland","TEG"
"PA0812","Middle East steppe","Desert","DES"
"PA0813","Mongolian-Manchurian grassland","Temperate grassland","TEG"
"PA0814","Pontic steppe","Temperate grassland","TEG"
"PA0815","Sayan Intermontane steppe","Temperate grassland","TEG"
"PA0816","Selenge-Orkhon forest steppe","Temperate grassland","TEG"
"PA0817","South Siberian forest steppe","Temperate grassland","TEG"
"PA0818","Tian Shan foothill arid steppe","Temperate grassland","TEG"
"PA0901","Amur meadow steppe","Temperate grassland","TEG"
"PA0902","Bohai Sea saline meadow","Temperate grassland","TEG"
"PA0903","Nenjiang River grassland","Temperate grassland","TEG"
"PA0904","Nile Delta flooded savanna","Savanna and scrubland","SAV"
"PA0905","Saharan halophytics","Savanna and scrubland","SAV"
"PA0906","Tigris-Euphrates alluvial salt marsh","Savanna and scrubland","SAV"
"PA0907","Suiphun-Khanka meadows and forest meadows","Temperate grassland","TEG"
"PA0908","Yellow Sea saline meadow","Temperate grassland","TEG"
"PA1001","Altai alpine meadow and tundra","Tundra","TUN"
"PA1002","Central Tibetan Plateau alpine steppe","Tundra","TUN"
"PA1003","Eastern Himalayan alpine shrub and meadows","Tundra","TUN"
"PA1004","Ghorat-Hazarajat alpine meadow","Tundra","TUN"
"PA1005","Hindu Kush alpine meadow","Tundra","TUN"
"PA1006","Karakoram-West Tibetan Plateau alpine steppe","Tundra","TUN"
"PA1007","Khangai Mountains alpine meadow","Tundra","TUN"
"PA1008","Kopet Dag woodlands and forest steppe","Savanna and scrubland","SAV"
"PA1009","Kuh Rud and Eastern Iran montane woodlands","Desert","DES"
"PA1010","Mediterranean High Atlas juniper steppe","Tundra","TUN"
"PA1011","North Tibetan Plateau-Kunlun Mountains alpine desert","Tundra","TUN"
"PA1012","Northwestern Himalayan alpine shrub and meadows","Tundra","TUN"
"PA1013","Ordos Plateau steppe","Desert","DES"
"PA1014","Pamir alpine desert and tundra","Tundra","TUN"
"PA1015","Qilian Mountains subalpine meadows","Tundra","TUN"
"PA1016","Sayan Alpine meadows and tundra","Tundra","TUN"
"PA1017","Southeast Tibet shrublands and meadows","Tundra","TUN"
"PA1018","Sulaiman Range alpine meadows","Tundra","TUN"
"PA1019","Tian Shan montane steppe and meadows","Tundra","TUN"
"PA1020","Tibetan Plateau alpine shrublands and meadows","Tundra","TUN"
"PA1021","Western Himalayan alpine shrub and Meadows","Tundra","TUN"
"PA1022","Yarlung Tsangpo arid steppe","Tundra","TUN"
"PA1101","Arctic desert","Tundra","TUN"
"PA1102","Bering tundra","Tundra","TUN"
"PA1103","Cherskii-Kolyma mountain tundra","Tundra","TUN"
"PA1104","Chukchi Peninsula tundra","Tundra","TUN"
"PA1105","Kamchatka Mountain tundra and forest tundra","Tundra","TUN"
"PA1106","Kola Peninsula tundra","Tundra","TUN"
"PA1107","Northeast Siberian coastal tundra","Tundra","TUN"
"PA1108","Northwest Russian-Novaya Zemlya tundra","Tundra","TUN"
"PA1109","Novosibirsk Islands arctic desert","Tundra","TUN"
"PA1110","Scandinavian Montane Birch forest and grasslands","Coniferous forest","COF"
"PA1111","Taimyr-Central Siberian tundra","Tundra","TUN"
"PA1112","Trans-Baikal Bald Mountain tundra","Tundra","TUN"
"PA1113","Wrangel Island arctic desert","Tundra","TUN"
"PA1114","Yamal-Gydan tundra","Tundra","TUN"
"PA1201","Aegean and Western Turkey sclerophyllous and mixed forests","Mediterranean","MED"
"PA1202","Anatolian conifer and deciduous mixed forests","Mediterranean","MED"
"PA1203","Canary Islands dry woodlands and forests","Mediterranean","MED"
"PA1204","Corsican montane broadleaf and mixed forests","Mediterranean","MED"
"PA1205","Crete Mediterranean forests","Mediterranean","MED"
"PA1206","Cyprus Mediterranean forests","Mediterranean","MED"
"PA1207","Eastern Mediterranean conifer-sclerophyllous-broadleaf forests","Mediterranean","MED"
"PA1208","Iberian conifer forests","Coniferous forest","COF"
"PA1209","Iberian sclerophyllous and semi-deciduous forests","Mediterranean","MED"
"PA1210","Illyrian deciduous forests","Mediterranean","MED"
"PA1211","Italian sclerophyllous and semi-deciduous forests","Mediterranean","MED"
"PA1212","Mediterranean acacia-argania dry woodlands and succulent thickets","Mediterranean","MED"
"PA1213","Mediterranean dry woodlands and steppe","Mediterranean","MED"
"PA1214","Mediterranean woodlands and forests","Mediterranean","MED"
"PA1215","Northeastern Spain and Southern France Mediterranean forests","Mediterranean","MED"
"PA1216","Northwest Iberian montane forests","Coniferous forest","COF"
"PA1217","Pindus Mountains mixed forests","Mediterranean","MED"
"PA1218","South Appenine mixed montane forests","Mediterranean","MED"
"PA1219","Southeastern Iberian shrubs and woodlands","Mediterranean","MED"
"PA1220","Southern Anatolian montane conifer and deciduous forests","Coniferous forest","COF"
"PA1221","Southwest Iberian Mediterranean sclerophyllous and mixed forests","Mediterranean","MED"
"PA1222","Tyrrhenian-Adriatic Sclerophyllous and mixed forests","Mediterranean","MED"
"PA1301","Afghan Mountains semi-desert","Tundra","TUN"
"PA1302","Alashan Plateau semi-desert","Tundra","TUN"
"PA1303","Arabian Desert and East Sahero-Arabian xeric shrublands","Desert","DES"
"PA1304","Atlantic coastal desert","Desert","DES"
"PA1305","Azerbaijan shrub desert and steppe","Temperate grassland","TEG"
"PA1306","Badghyz and Karabil semi-desert","Desert","DES"
"PA1307","Baluchistan xeric woodlands","Savanna and scrubland","SAV"
"PA1308","Caspian lowland desert","Desert","DES"
"PA1309","Central Afghan Mountains xeric woodlands","Desert","DES"
"PA1310","Central Asian northern desert","Desert","DES"
"PA1311","Central Asian riparian woodlands","Temperate grassland","TEG"
"PA1312","Central Asian southern desert","Desert","DES"
"PA1313","Central Persian desert basins","Desert","DES"
"PA1314","Eastern Gobi desert steppe","Desert","DES"
"PA1315","Gobi Lakes Valley desert steppe","Desert","DES"
"PA1316","Great Lakes Basin desert steppe","Temperate grassland","TEG"
"PA1317","Junggar Basin semi-desert","Desert","DES"
"PA1318","Kazakh semi-desert","Desert","DES"
"PA1319","Kopet Dag semi-desert","Desert","DES"
"PA1320","Mesopotamian shrub desert","Desert","DES"
"PA1321","North Saharan steppe and woodlands","Desert","DES"
"PA1322","Paropamisus xeric woodlands","Desert","DES"
"PA1323","Persian Gulf desert and semi-desert","Desert","DES"
"PA1324","Qaidam Basin semi-desert","Desert","DES"
"PA1325","Red Sea Nubo-Sindian tropical desert and semi-desert","Desert","DES"
"PA1326","Registan-North Pakistan sandy desert","Desert","DES"
"PA1327","Sahara desert","Desert","DES"
"PA1328","South Iran Nubo-Sindian desert and semi-desert","Desert","DES"
"PA1329","South Saharan steppe and woodlands","Desert","DES"
"PA1330","Taklimakan desert","Desert","DES"
"PA1331","Tibesti-Jebel Uweinat montane xeric woodlands","Desert","DES"
"PA1332","West Saharan montane xeric woodlands","Desert","DES"
"PA1333","Red Sea coastal desert","Desert","DES"
"Rock and Ice","Rock and Ice","Tundra","TUN"
